{
  "cpu": {
    "domain": "cpu",
    "configuration": {
      "core_utilization": 0.75,
      "smt_enabled": 0,
      "governor_idx": 0,
      "thread_count": 6,
      "hugepages_mb": 1536,
      "epp_value": 165,
      "turbo_enabled": 1
    },
    "fitness": -0.011322000000000002,
    "genome": [
      0.5890128431690613,
      -0.8819987460301777,
      -0.11325920393621813,
      -0.27435587013053153,
      0.6801607655779234,
      0.25584932714833686,
      0.8329676829224167
    ]
  },
  "gpu": {
    "domain": "gpu",
    "configuration": {
      "precision_mode": 2,
      "batch_size": 24,
      "cuda_streams": 5,
      "context_length": 1536,
      "power_limit_pct": 60,
      "mem_clock_offset": -300,
      "gpu_clock_offset": -100,
      "cuda_graphs_enabled": 1,
      "pcie_bar_size": 0
    },
    "fitness": 0.4381217971537358,
    "genome": [
      0.977780016260203,
      0.5533117127525498,
      0.07007956664096113,
      -0.9412188148612454,
      -0.9492721298398364,
      -0.7989787148251819,
      -0.4880415475278759,
      0.4567269330136625,
      -0.6778925985704181
    ]
  },
  "audio": {
    "domain": "audio",
    "configuration": {
      "sample_rate_idx": 2,
      "buffer_size_log2": 7,
      "period_size_log2": 8,
      "quantum": 2048,
      "resampler_idx": 1,
      "thread_priority": 80,
      "echo_cancel": 0,
      "tts_mute_capture": 0,
      "n_periods": 2,
      "clock_source": 2
    },
    "fitness": 0.027499999999999972,
    "genome": [
      0.10179944025394283,
      -0.6415074548675812,
      0.040552966156886416,
      -0.4509113556458848,
      -0.2611323393282101,
      0.8139009859867063,
      -0.44506358680576885,
      -0.029939258635115484,
      -0.6733809355603844,
      0.5425018461722364
    ]
  },
  "memory": {
    "domain": "memory",
    "configuration": {
      "freq_idx": 6,
      "tcl": 32,
      "trcd": 30,
      "trp": 30,
      "tras": 74,
      "trc": 98,
      "trfc": 350,
      "trefi": 9000,
      "tfaw": 28,
      "command_rate": 1,
      "vdd": 1125,
      "vddq": 1325,
      "vpp": 1875,
      "vdd2": 1125
    },
    "fitness": 0.35386902153619837,
    "genome": [
      0.45417945209235744,
      -0.3138804524987928,
      -0.7306429005101274,
      -0.6829661806038776,
      0.7064920013211637,
      0.11570590752460497,
      -0.4777494113192724,
      -0.6730570873984061,
      -0.26429628675620176,
      0.8630609051748628,
      -0.9843416935061218,
      0.6613104542760866,
      0.7391543328409484,
      0.38226221213154177
    ]
  },
  "storage": {
    "domain": "storage",
    "configuration": {
      "scheduler_idx": 1,
      "queue_depth_log2": 6,
      "io_size_kb_log2": 4,
      "readahead_kb": 1792,
      "dirty_ratio": 20,
      "dirty_background_ratio": 4,
      "dirty_expire_centisecs": 2400,
      "aspm_policy": 2,
      "apst_enabled": 1,
      "noatime": 0,
      "commit_interval": 35,
      "compression_enabled": 0,
      "compression_level": 8
    },
    "fitness": 0.2996094464000001,
    "genome": [
      0.22959087462642014,
      -0.7532038932902669,
      -0.43231993858133566,
      -0.21607411003959642,
      -0.03255017757093537,
      -0.9821787477074864,
      0.6169203411053097,
      0.5542741135709273,
      0.2339378858978789,
      -0.8521527656486392,
      0.032526342014070675,
      -0.5380072385917096,
      0.9460193388873397
    ]
  },
  "asr_tts": {
    "domain": "asr_tts",
    "configuration": {
      "asr_model_size": 0,
      "asr_beam_width": 3,
      "asr_vad_threshold": 0.05,
      "asr_vad_min_speech_ms": 450,
      "asr_vad_max_silence_ms": 2250,
      "asr_chunk_size_ms": 500,
      "asr_denoiser_strength": 0.5,
      "tts_speaker_id": 1,
      "tts_speed": 0.9,
      "tts_pitch": 1.3,
      "tts_energy": 1.2000000000000002,
      "batch_size": 12,
      "gpu_enabled": 1,
      "quantization": 1,
      "cache_size_mb": 384
    },
    "fitness": 0.03199495555890849,
    "genome": [
      -0.9166117266932052,
      -0.6115899124055362,
      -0.6695457162334064,
      0.9481196960521059,
      0.459159546026104,
      -0.03114127661187549,
      0.003569048613989434,
      -0.5890691842159173,
      -0.5050800129744575,
      0.04512219764251624,
      -0.06284407834213779,
      0.5890443645004397,
      0.8409662591889564,
      -0.09228790688157273,
      0.40856767183412024
    ]
  },
  "os_scheduler": {
    "domain": "os_scheduler",
    "configuration": {
      "cpu_governor_idx": 1,
      "sched_migration_cost_ns": 1600000,
      "sched_min_granularity_ns": 2000000,
      "sched_wakeup_granularity_ns": 18000000,
      "irq_cpu_isolation": 0.2,
      "irq_balance_enabled": 1,
      "vm_swappiness": 50,
      "vm_vfs_cache_pressure": 75,
      "vm_dirty_ratio": 15,
      "vm_dirty_background_ratio": 8,
      "vm_min_free_kbytes": 360448,
      "thp_enabled": 1,
      "thp_defrag": 1,
      "numa_balancing": 1,
      "zone_reclaim_mode": 1,
      "zram_enabled": 0,
      "zram_size_pct": 30,
      "zram_compression": 2,
      "autogroup_enabled": 1,
      "sched_child_runs_first": 1
    },
    "fitness": 0.22766175000000002,
    "genome": [
      0.32273379091364585,
      -0.8631956577915001,
      -0.9974704274811175,
      0.989248299006491,
      -0.12457684969150873,
      0.4566767543092174,
      -0.05010138863233404,
      -0.8840620759588749,
      -0.5501194125407909,
      -0.3779391904913416,
      0.3058474972265941,
      -0.41590055253674163,
      -0.5199958245435878,
      0.7878044744292974,
      0.2244681857773343,
      -0.4202877300415877,
      0.386649408272689,
      0.1767131213352522,
      0.4811775865045924,
      0.9549993929274312
    ]
  },
  "conversation": {
    "domain": "conversation",
    "configuration": {
      "speaking_rate": 0.8500000000000001,
      "pitch_variance": 1.4000000000000001,
      "emphasis_strength": 1.7000000000000002,
      "pause_duration": 1.8,
      "phoneme_precision": 0.9,
      "consonant_strength": 1.05,
      "vowel_length": 0.9500000000000001,
      "sarcasm_indicator": 0.7000000000000001,
      "tone_sharpness": 0.7000000000000001,
      "monotone_factor": 0.4,
      "dry_wit_preference": 0.6000000000000001,
      "technical_jargon": 0.4,
      "brevity_score": 0.8
    },
    "fitness": 0.7783333179651508,
    "genome": [
      -0.8750104415836821,
      0.20466199030244203,
      0.8155043719621349,
      0.9919073562382374,
      0.7006081532696873,
      0.12549024724863234,
      -0.2517831102176591,
      0.4302368627409845,
      -0.7122346384440503,
      0.7988660318593637,
      0.1255497712621707,
      -0.13349060231486323,
      0.6661800995068188
    ]
  }
}